<component name="ArtifactManager">
  <artifact type="jar" name="HW5_195_Murzabekov_Sultan2:jar">
    <output-path>$PROJECT_DIR$/out/artifacts/HW5_195_Murzabekov_Sultan2_jar</output-path>
    <root id="archive" name="HW5_195_Murzabekov_Sultan2.jar">
      <element id="module-output" name="HW5_195_Murzabekov_Sultan2" />
      <element id="extracted-dir" path="$PATH_TO_FX$/javafx-swt.jar" path-in-jar="/" />
      <element id="extracted-dir" path="$PATH_TO_FX$/javafx.web.jar" path-in-jar="/" />
      <element id="extracted-dir" path="$PATH_TO_FX$/javafx.base.jar" path-in-jar="/" />
      <element id="extracted-dir" path="$PATH_TO_FX$/javafx.fxml.jar" path-in-jar="/" />
      <element id="extracted-dir" path="$PATH_TO_FX$/javafx.media.jar" path-in-jar="/" />
      <element id="extracted-dir" path="$PATH_TO_FX$/javafx.swing.jar" path-in-jar="/" />
      <element id="extracted-dir" path="$PATH_TO_FX$/javafx.controls.jar" path-in-jar="/" />
      <element id="extracted-dir" path="$PATH_TO_FX$/javafx.graphics.jar" path-in-jar="/" />
    </root>
  </artifact>
</component>